scene_id,beat_id,node_id,row_order,row_type,speaker_id,text,line_key,command_name,command_args,visual_id,source_ref
t0_01a_prologue,opening,T0_01A_Opening_CG,10,command,,,"",play_visual,"cg_t0_01a_black_wake",cg_t0_01a_black_wake,T0-01A P1
t0_01a_prologue,opening,T0_01A_Opening_CG,20,line,protagonist,又到早上了。,prologue.t0_01a.black_wake.line_01,,,,T0-01A P1
t0_01a_prologue,opening,T0_01A_Opening_CG,30,command,,,"",play_visual,"cg_t0_01a_debt_notice",cg_t0_01a_debt_notice,T0-01A P2
t0_01a_prologue,opening,T0_01A_Opening_CG,40,line,protagonist,他们连坏掉的东西也收。,prologue.t0_01a.debt_notice.line_01,,,,T0-01A P2
t0_01a_prologue,opening,T0_01A_Opening_CG,50,line,protagonist,不，他们最喜欢收坏掉的东西。,prologue.t0_01a.debt_notice.line_02,,,,T0-01A P2
t0_01a_prologue,opening,T0_01A_Opening_CG,60,command,,,"",play_visual,"cg_t0_01a_repair_note",cg_t0_01a_repair_note,T0-01A P2
t0_01a_prologue,opening,T0_01A_Opening_CG,70,line,protagonist,父亲写字从不写“也许”。,prologue.t0_01a.repair_note.line_01,,,,T0-01A P2
t0_01a_prologue,opening,T0_01A_Opening_CG,80,line,protagonist,所以浅层至少还有一点办法。,prologue.t0_01a.repair_note.line_02,,,,T0-01A P2
t0_01a_prologue,opening,T0_01A_Opening_CG,90,command,,,"",play_visual,"cg_t0_01a_core_shard",cg_t0_01a_core_shard,T0-01A P2
t0_01a_prologue,opening,T0_01A_Opening_CG,100,line,protagonist,卖掉它，够一天。,prologue.t0_01a.core_shard.line_01,,,,T0-01A P2
t0_01a_prologue,opening,T0_01A_Opening_CG,110,line,protagonist,用掉它，也许够她醒一次。,prologue.t0_01a.core_shard.line_02,,,,T0-01A P2
t0_01a_prologue,opening,T0_01A_Opening_CG,120,command,,,"",set_flag,"DebtNoticeSeen",,T0-01A P2
t0_01a_prologue,opening,T0_01A_Opening_CG,130,command,,,"",set_flag,"RepairNoteSeen",,T0-01A P2
t0_01a_prologue,opening,T0_01A_Opening_CG,140,command,,,"",set_flag,"LastCoreShardSeen",,T0-01A P2
t0_01a_prologue,find_no0,T0_01A_FindNo0,10,command,,,"",play_visual,"cg_t0_01a_find_no0",cg_t0_01a_find_no0,T0-01A P3
t0_01a_prologue,find_no0,T0_01A_FindNo0,20,line,protagonist,没有第二台了。,prologue.t0_01a.find_no0.line_01,,,,T0-01A P3
t0_01a_prologue,find_no0,T0_01A_FindNo0,30,line,protagonist,也没有第二个早上。,prologue.t0_01a.find_no0.line_02,,,,T0-01A P3
t0_01a_prologue,start_doll,T0_01A_StartDoll,5,comment,,启动人偶,prologue.t0_01a.button.start_doll,,,,T0-01A P4
t0_01a_prologue,start_doll,T0_01A_StartDoll,10,command,,,"",show_prologue_action,"start_doll prologue.t0_01a.button.start_doll",,T0-01A P4
t0_01a_prologue,start_doll,T0_01A_StartDoll,20,command,,,"",play_visual,"vfx_no0_core_start",vfx_no0_core_start,T0-01A P4
t0_01a_prologue,start_doll,T0_01A_StartDoll,30,command,,,"",set_flag,"No0Started",,T0-01A P4
t0_01a_prologue,no0_wake,T0_01A_No0Wake,10,command,,,"",show_character,"no0 expression=weak pose=sitting",stand_no0_weak_sitting,T0-01A P5
t0_01a_prologue,no0_wake,T0_01A_No0Wake,20,line,no0,……这里……,prologue.t0_01a.no0_wake.line_01,,,,T0-01A P5
t0_01a_prologue,no0_wake,T0_01A_No0Wake,30,line,no0,不是下面。,prologue.t0_01a.no0_wake.line_02,,,,T0-01A P5
t0_01a_prologue,no0_wake,T0_01A_No0Wake,40,line,protagonist,你醒了？,prologue.t0_01a.no0_wake.line_03,,,,T0-01A P5
t0_01a_prologue,no0_wake,T0_01A_No0Wake,50,line,no0,我还……能动。,prologue.t0_01a.no0_wake.line_04,,,,T0-01A P5
t0_01a_prologue,no0_wake,T0_01A_No0Wake,60,line,no0,不要拆掉我。,prologue.t0_01a.no0_wake.line_05,,,,T0-01A P5
t0_01a_prologue,no0_wake,T0_01A_No0Wake,70,line,protagonist,没人会拆你。,prologue.t0_01a.no0_wake.line_06,,,,T0-01A P5
t0_01a_prologue,no0_wake,T0_01A_No0Wake,80,line,no0,他们会。,prologue.t0_01a.no0_wake.line_07,,,,T0-01A P5
t0_01a_prologue,no0_wake,T0_01A_No0Wake,90,line,no0,你也会。等你没钱的时候。,prologue.t0_01a.no0_wake.line_08,,,,T0-01A P5
t0_01a_prologue,no0_wake,T0_01A_No0Wake,100,line,protagonist,那就先别走到那一步。,prologue.t0_01a.no0_wake.line_09,,,,T0-01A P5
t0_01a_prologue,no0_wake,T0_01A_No0Wake,110,line,no0,下面……有一段声音。,prologue.t0_01a.no0_wake.line_10,,,,T0-01A P5
t0_01a_prologue,no0_wake,T0_01A_No0Wake,120,line,no0,很浅。,prologue.t0_01a.no0_wake.line_11,,,,T0-01A P5
t0_01a_prologue,no0_wake,T0_01A_No0Wake,130,line,no0,像我的。,prologue.t0_01a.no0_wake.line_12,,,,T0-01A P5
t0_01a_prologue,no0_wake,T0_01A_No0Wake,140,command,,,"",set_flag,"No0WakeDialogueSeen",,T0-01A P5
t0_01a_prologue,status,T0_01A_FirstStatusCard,5,comment,,零号,prologue.t0_01a.status.initial.title,,,,T0-01A P6
t0_01a_prologue,status,T0_01A_FirstStatusCard,6,comment,,核心：不稳定,prologue.t0_01a.status.initial.core,,,,T0-01A P6
t0_01a_prologue,status,T0_01A_FirstStatusCard,7,comment,,身体：多处裂纹,prologue.t0_01a.status.initial.body,,,,T0-01A P6
t0_01a_prologue,status,T0_01A_FirstStatusCard,8,comment,,意识：断续,prologue.t0_01a.status.initial.consciousness,,,,T0-01A P6
t0_01a_prologue,status,T0_01A_FirstStatusCard,9,comment,,判断：无法长时间行动,prologue.t0_01a.status.initial.judgement,,,,T0-01A P6
t0_01a_prologue,status,T0_01A_FirstStatusCard,10,command,,,"",show_status_card,"first_status_unstable",,T0-01A P6
t0_01a_prologue,status,T0_01A_FirstStatusCard,15,comment,,擦去核心仓灰尘,prologue.t0_01a.button.wipe_core,,,,T0-01A P6
t0_01a_prologue,status,T0_01A_FirstStatusCard,20,command,,,"",show_prologue_action,"wipe_core prologue.t0_01a.button.wipe_core",,T0-01A P6
t0_01a_prologue,wipe,T0_01A_FirstCoreWipe,5,comment,,零号,prologue.t0_01a.status.stable.title,,,,T0-01A P6
t0_01a_prologue,wipe,T0_01A_FirstCoreWipe,6,comment,,核心：短时稳定,prologue.t0_01a.status.stable.core,,,,T0-01A P6
t0_01a_prologue,wipe,T0_01A_FirstCoreWipe,7,comment,,身体：多处裂纹,prologue.t0_01a.status.stable.body,,,,T0-01A P6
t0_01a_prologue,wipe,T0_01A_FirstCoreWipe,8,comment,,意识：断续,prologue.t0_01a.status.stable.consciousness,,,,T0-01A P6
t0_01a_prologue,wipe,T0_01A_FirstCoreWipe,9,comment,,判断：可进行一次浅层下潜，返回后需要照看,prologue.t0_01a.status.stable.judgement,,,,T0-01A P6
t0_01a_prologue,wipe,T0_01A_FirstCoreWipe,10,command,,,"",show_status_card,"first_status_stable",,T0-01A P6
t0_01a_prologue,wipe,T0_01A_FirstCoreWipe,20,line,no0,你手在抖。,prologue.t0_01a.core_wipe.line_01,,,,T0-01A P6
t0_01a_prologue,wipe,T0_01A_FirstCoreWipe,30,line,protagonist,灰太多。,prologue.t0_01a.core_wipe.line_02,,,,T0-01A P6
t0_01a_prologue,wipe,T0_01A_FirstCoreWipe,40,line,no0,你说谎的声音……很明显。,prologue.t0_01a.core_wipe.line_03,,,,T0-01A P6
t0_01a_prologue,wipe,T0_01A_FirstCoreWipe,50,command,,,"",set_flag,"FirstCoreWiped",,T0-01A P6
t0_01a_prologue,dive_unlock,T0_01A_FirstDiveUnlock,10,line,protagonist,浅层有稳定材料。,prologue.t0_01a.first_dive.line_01,,,,T0-01A P7
t0_01a_prologue,dive_unlock,T0_01A_FirstDiveUnlock,20,line,protagonist,带回来，能让你撑过今晚，也能让他们暂时闭嘴。,prologue.t0_01a.first_dive.line_02,,,,T0-01A P7
t0_01a_prologue,dive_unlock,T0_01A_FirstDiveUnlock,30,line,no0,如果带不回来？,prologue.t0_01a.first_dive.line_03,,,,T0-01A P7
t0_01a_prologue,dive_unlock,T0_01A_FirstDiveUnlock,40,line,protagonist,那就先带你回来。,prologue.t0_01a.first_dive.line_04,,,,T0-01A P7
t0_01a_prologue,dive_unlock,T0_01A_FirstDiveUnlock,45,comment,,浅层入口,prologue.t0_01a.action.layer1.title,,,,T0-01A P7
t0_01a_prologue,dive_unlock,T0_01A_FirstDiveUnlock,46,comment,,她还能撑一次。,prologue.t0_01a.action.layer1.subtitle,,,,T0-01A P7
t0_01a_prologue,dive_unlock,T0_01A_FirstDiveUnlock,50,command,,,"",unlock_ui,"shallow_gate",vfx_shallow_gate_wake,T0-01A P7
t0_01a_prologue,dive_unlock,T0_01A_FirstDiveUnlock,60,command,,,"",set_flag,"FirstDiveUnlocked",,T0-01A P7
t0_01a_prologue,confirm,T0_01A_Layer1Confirm,1,comment,,第一层：旧矿井浅缝,prologue.t0_01a.layer_confirm.title,,,,T0-01A P8
t0_01a_prologue,confirm,T0_01A_Layer1Confirm,2,comment,,状态：可抵达,prologue.t0_01a.layer_confirm.status,,,,T0-01A P8
t0_01a_prologue,confirm,T0_01A_Layer1Confirm,3,comment,,稳定核心碎屑,prologue.t0_01a.layer_confirm.loot.core_shard,,,,T0-01A P8
t0_01a_prologue,confirm,T0_01A_Layer1Confirm,4,comment,,可售废料,prologue.t0_01a.layer_confirm.loot.scrap,,,,T0-01A P8
t0_01a_prologue,confirm,T0_01A_Layer1Confirm,5,comment,,记忆噪声,prologue.t0_01a.layer_confirm.loot.memory_echo,,,,T0-01A P8
t0_01a_prologue,confirm,T0_01A_Layer1Confirm,6,comment,,零号可行动一次，返回后需要照看。,prologue.t0_01a.layer_confirm.companion,,,,T0-01A P8
t0_01a_prologue,confirm,T0_01A_Layer1Confirm,7,comment,,出发,prologue.t0_01a.layer_confirm.primary,,,,T0-01A P8
t0_01a_prologue,confirm,T0_01A_Layer1Confirm,8,comment,,再看她一眼,prologue.t0_01a.layer_confirm.secondary,,,,T0-01A P8
t0_01a_prologue,confirm,T0_01A_Layer1Confirm,10,command,,,"",set_flag,"Layer1ConfirmOpened",,T0-01A P8
t0_01a_prologue,confirm,T0_01A_Layer1Confirm,20,command,,,"",open_layer_confirm,"1",,T0-01A P8
t0_01a_prologue,depart,T0_01A_FirstDepart,10,line,no0,下面比这里安静。,prologue.t0_01a.depart.line_01,,,,T0-01A P9
t0_01a_prologue,depart,T0_01A_FirstDepart,20,line,protagonist,那不是好事。,prologue.t0_01a.depart.line_02,,,,T0-01A P9
t0_01a_prologue,depart,T0_01A_FirstDepart,30,line,no0,我知道。,prologue.t0_01a.depart.line_03,,,,T0-01A P9
t0_01a_prologue,depart,T0_01A_FirstDepart,40,command,,,"",play_visual,"cg_t0_01a_depart_black ui_black_screen",cg_t0_01a_depart_black,T0-01A P9
t0_01a_prologue,depart,T0_01A_FirstDepart,50,command,,,"",set_flag,"Layer1FirstDeparted",,T0-01A P9
